-- phpMyAdmin SQL Dump
-- version 4.4.15.5
-- http://www.phpmyadmin.net
--
-- Host: 127.0.0.1:3306
-- Generation Time: Oct 08, 2017 at 02:10 AM
-- Server version: 5.6.34-log
-- PHP Version: 7.0.13

SET SQL_MODE = "NO_AUTO_VALUE_ON_ZERO";
SET time_zone = "+00:00";


/*!40101 SET @OLD_CHARACTER_SET_CLIENT=@@CHARACTER_SET_CLIENT */;
/*!40101 SET @OLD_CHARACTER_SET_RESULTS=@@CHARACTER_SET_RESULTS */;
/*!40101 SET @OLD_COLLATION_CONNECTION=@@COLLATION_CONNECTION */;
/*!40101 SET NAMES utf8mb4 */;

--
-- Database: `wellness_clinic`
--

-- --------------------------------------------------------

--
-- Table structure for table `admin`
--

CREATE TABLE IF NOT EXISTS `admin` (
  `admin_id` int(11) NOT NULL,
  `admin_passwd` varchar(255) NOT NULL,
  `admin_email` varchar(255) NOT NULL
) ENGINE=InnoDB AUTO_INCREMENT=2 DEFAULT CHARSET=latin1;

--
-- Dumping data for table `admin`
--

INSERT INTO `admin` (`admin_id`, `admin_passwd`, `admin_email`) VALUES
(1, 'admin', 'jo.torlesse@gmail.com');

-- --------------------------------------------------------

--
-- Table structure for table `appointment`
--

CREATE TABLE IF NOT EXISTS `appointment` (
  `appt_id` int(11) NOT NULL,
  `appt_date` date DEFAULT NULL,
  `appt_paid` tinyint(1) DEFAULT '0',
  `appt_notes` varchar(255) NOT NULL,
  `appt_start_time` time NOT NULL,
  `appt_end_time` time NOT NULL,
  `client_id` int(11) DEFAULT NULL,
  `admin_id` int(11) DEFAULT NULL,
  `disc_id` int(11) DEFAULT NULL,
  `treat_id` int(11) DEFAULT NULL,
  `Confirmed` tinyint(1) NOT NULL DEFAULT '0'
) ENGINE=InnoDB AUTO_INCREMENT=521 DEFAULT CHARSET=latin1;

--
-- Dumping data for table `appointment`
--

INSERT INTO `appointment` (`appt_id`, `appt_date`, `appt_paid`, `appt_notes`, `appt_start_time`, `appt_end_time`, `client_id`, `admin_id`, `disc_id`, `treat_id`, `Confirmed`) VALUES
(1, '2016-11-01', 0, '', '08:00:00', '09:00:00', 7, 1, 1, 1, 0),
(2, '2016-11-01', 1, '', '09:15:00', '09:45:00', 8, 1, NULL, 2, 0),
(3, '2016-11-02', 0, '', '08:00:00', '09:00:00', 9, 1, NULL, 3, 0),
(4, '2016-11-02', 1, '', '09:15:00', '10:15:00', 10, 1, NULL, 4, 0),
(5, '2016-11-03', 0, '', '08:00:00', '08:30:00', 11, 1, 1, 5, 0),
(6, '2016-11-03', 1, '', '08:45:00', '10:15:00', 12, 1, NULL, 6, 0),
(7, '2016-11-04', 0, '', '08:00:00', '09:00:00', 13, 1, NULL, 1, 0),
(8, '2016-11-04', 1, '', '09:15:00', '09:45:00', 14, 1, NULL, 2, 0),
(9, '2016-11-05', 0, '', '08:00:00', '09:00:00', 15, 1, NULL, 3, 0),
(10, '2016-11-05', 1, '', '09:15:00', '10:15:00', 16, 1, 1, 4, 0),
(11, '2016-11-08', 0, '', '09:15:00', '10:15:00', 16, 1, NULL, 4, 0),
(12, '2016-11-08', 1, '', '10:30:00', '11:00:00', 17, 1, NULL, 5, 0),
(13, '2016-11-09', 0, '', '08:00:00', '09:30:00', 18, 1, NULL, 6, 0),
(14, '2016-11-09', 1, '', '09:45:00', '10:45:00', 19, 1, NULL, 1, 0),
(15, '2016-11-10', 0, '', '08:00:00', '08:30:00', 20, 1, 1, 2, 0),
(16, '2016-11-10', 1, '', '08:45:00', '09:45:00', 21, 1, NULL, 3, 0),
(17, '2016-11-11', 0, '', '08:00:00', '09:00:00', 22, 1, NULL, 4, 0),
(18, '2016-11-11', 1, '', '09:15:00', '09:45:00', 23, 1, NULL, 5, 0),
(19, '2016-11-12', 0, '', '08:00:00', '09:30:00', 24, 1, NULL, 6, 0),
(20, '2016-11-12', 1, '', '09:45:00', '10:45:00', 25, 1, 2, 1, 0),
(21, '2016-11-15', 0, '', '09:45:00', '10:45:00', 25, 1, NULL, 1, 0),
(22, '2016-11-15', 1, '', '11:00:00', '11:30:00', 26, 1, NULL, 2, 0),
(23, '2016-11-16', 0, '', '08:00:00', '09:00:00', 27, 1, NULL, 3, 0),
(24, '2016-11-16', 1, '', '09:15:00', '10:15:00', 28, 1, NULL, 4, 0),
(25, '2016-11-17', 0, '', '08:00:00', '08:30:00', 29, 1, NULL, 5, 0),
(26, '2016-11-17', 1, '', '08:45:00', '10:15:00', 30, 1, NULL, 6, 0),
(27, '2016-11-18', 0, '', '08:00:00', '09:00:00', 31, 1, NULL, 1, 0),
(28, '2016-11-18', 1, '', '09:15:00', '09:45:00', 7, 1, NULL, 2, 0),
(29, '2016-11-19', 0, '', '08:00:00', '09:00:00', 8, 1, NULL, 3, 0),
(30, '2016-11-19', 1, '', '09:15:00', '10:15:00', 9, 1, NULL, 4, 0),
(31, '2016-11-22', 0, '', '09:15:00', '10:15:00', 9, 1, NULL, 4, 0),
(32, '2016-11-22', 1, '', '10:30:00', '11:00:00', 10, 1, NULL, 5, 0),
(33, '2016-11-23', 0, '', '08:00:00', '09:30:00', 11, 1, NULL, 6, 0),
(34, '2016-11-23', 1, '', '09:45:00', '10:45:00', 12, 1, NULL, 1, 0),
(35, '2016-11-24', 0, '', '08:00:00', '08:30:00', 13, 1, NULL, 2, 0),
(36, '2016-11-24', 1, '', '08:45:00', '09:45:00', 14, 1, NULL, 3, 0),
(37, '2016-11-25', 0, '', '08:00:00', '09:00:00', 15, 1, NULL, 4, 0),
(38, '2016-11-25', 1, '', '09:15:00', '09:45:00', 16, 1, NULL, 5, 0),
(39, '2016-11-26', 0, '', '08:00:00', '09:30:00', 17, 1, NULL, 6, 0),
(40, '2016-11-26', 1, '', '09:45:00', '10:45:00', 18, 1, NULL, 1, 0),
(41, '2016-11-29', 0, '', '09:45:00', '10:45:00', 18, 1, NULL, 1, 0),
(42, '2016-11-29', 1, '', '11:00:00', '11:30:00', 19, 1, NULL, 2, 0),
(43, '2016-11-30', 0, '', '08:00:00', '09:00:00', 20, 1, NULL, 3, 0),
(44, '2016-11-30', 1, '', '09:15:00', '10:15:00', 21, 1, NULL, 4, 0),
(45, '2016-12-01', 0, '', '08:00:00', '08:30:00', 22, 1, NULL, 5, 0),
(46, '2016-12-01', 1, '', '08:45:00', '10:15:00', 23, 1, NULL, 6, 0),
(47, '2016-12-02', 0, '', '08:00:00', '09:00:00', 24, 1, NULL, 1, 0),
(48, '2016-12-02', 1, '', '09:15:00', '09:45:00', 25, 1, NULL, 2, 0),
(49, '2016-12-03', 0, '', '08:00:00', '09:00:00', 26, 1, NULL, 3, 0),
(50, '2016-12-03', 1, '', '09:15:00', '10:15:00', 27, 1, NULL, 4, 0),
(51, '2016-12-06', 0, '', '09:15:00', '10:15:00', 27, 1, NULL, 4, 0),
(52, '2016-12-06', 1, '', '10:30:00', '11:00:00', 28, 1, NULL, 5, 0),
(53, '2016-12-07', 0, '', '08:00:00', '09:30:00', 29, 1, NULL, 6, 0),
(54, '2016-12-07', 1, '', '09:45:00', '10:45:00', 30, 1, NULL, 1, 0),
(55, '2016-12-08', 0, '', '08:00:00', '08:30:00', 31, 1, NULL, 2, 0),
(56, '2016-12-08', 1, '', '08:45:00', '09:45:00', 7, 1, NULL, 3, 0),
(57, '2016-12-09', 0, '', '08:00:00', '09:00:00', 8, 1, NULL, 4, 0),
(58, '2016-12-09', 1, '', '09:15:00', '09:45:00', 9, 1, NULL, 5, 0),
(59, '2016-12-10', 0, '', '08:00:00', '09:30:00', 10, 1, NULL, 6, 0),
(60, '2016-12-10', 1, '', '09:45:00', '10:45:00', 11, 1, NULL, 1, 0),
(61, '2016-12-13', 0, '', '09:45:00', '10:45:00', 11, 1, NULL, 1, 0),
(62, '2016-12-13', 1, '', '11:00:00', '11:30:00', 12, 1, NULL, 2, 0),
(63, '2016-12-14', 0, '', '08:00:00', '09:00:00', 13, 1, NULL, 3, 0),
(64, '2016-12-14', 1, '', '09:15:00', '10:15:00', 14, 1, NULL, 4, 0),
(65, '2016-12-15', 0, '', '08:00:00', '08:30:00', 15, 1, NULL, 5, 0),
(66, '2016-12-15', 1, '', '08:45:00', '10:15:00', 16, 1, NULL, 6, 0),
(67, '2016-12-16', 0, '', '08:00:00', '09:00:00', 17, 1, NULL, 1, 0),
(68, '2016-12-16', 1, '', '09:15:00', '09:45:00', 18, 1, NULL, 2, 0),
(69, '2016-12-17', 0, '', '08:00:00', '09:00:00', 19, 1, NULL, 3, 0),
(70, '2016-12-17', 1, '', '09:15:00', '10:15:00', 20, 1, NULL, 4, 0),
(71, '2016-12-20', 0, '', '09:15:00', '10:15:00', 20, 1, NULL, 4, 0),
(72, '2016-12-20', 1, '', '10:30:00', '11:00:00', 21, 1, NULL, 5, 0),
(73, '2016-12-21', 0, '', '08:00:00', '09:30:00', 22, 1, NULL, 6, 0),
(74, '2016-12-21', 1, '', '09:45:00', '10:45:00', 23, 1, NULL, 1, 0),
(75, '2016-12-22', 0, '', '08:00:00', '08:30:00', 24, 1, NULL, 2, 0),
(76, '2016-12-22', 1, '', '08:45:00', '09:45:00', 25, 1, NULL, 3, 0),
(77, '2016-12-23', 0, '', '08:00:00', '09:00:00', 26, 1, NULL, 4, 0),
(78, '2016-12-23', 1, '', '09:15:00', '09:45:00', 27, 1, NULL, 5, 0),
(79, '2016-12-24', 0, '', '08:00:00', '09:30:00', 28, 1, NULL, 6, 0),
(80, '2016-12-24', 1, '', '09:45:00', '10:45:00', 29, 1, NULL, 1, 0),
(81, '2016-12-27', 0, '', '09:45:00', '10:45:00', 29, 1, NULL, 1, 0),
(82, '2016-12-27', 1, '', '11:00:00', '11:30:00', 30, 1, NULL, 2, 0),
(83, '2016-12-28', 0, '', '08:00:00', '09:00:00', 31, 1, NULL, 3, 0),
(84, '2016-12-28', 1, '', '09:15:00', '10:15:00', 32, 1, NULL, 4, 0),
(85, '2016-12-29', 0, '', '08:00:00', '08:30:00', 33, 1, NULL, 5, 0),
(86, '2016-12-29', 1, '', '08:45:00', '10:15:00', 7, 1, NULL, 6, 0),
(87, '2016-12-30', 0, '', '08:00:00', '09:00:00', 8, 1, NULL, 1, 0),
(88, '2016-12-30', 1, '', '09:15:00', '09:45:00', 9, 1, NULL, 2, 0),
(89, '2016-12-31', 0, '', '08:00:00', '09:00:00', 10, 1, NULL, 3, 0),
(90, '2016-12-31', 1, '', '09:15:00', '10:15:00', 11, 1, NULL, 4, 0),
(91, '2017-01-03', 0, '', '09:15:00', '10:15:00', 11, 1, NULL, 4, 0),
(92, '2017-01-03', 1, '', '10:30:00', '11:00:00', 12, 1, NULL, 5, 0),
(93, '2017-01-04', 0, '', '08:00:00', '09:30:00', 13, 1, NULL, 6, 0),
(94, '2017-01-04', 1, '', '09:45:00', '10:45:00', 14, 1, NULL, 1, 0),
(95, '2017-01-05', 0, '', '08:00:00', '08:30:00', 15, 1, NULL, 2, 0),
(96, '2017-01-05', 1, '', '08:45:00', '09:45:00', 16, 1, NULL, 3, 0),
(97, '2017-01-06', 0, '', '08:00:00', '09:00:00', 17, 1, NULL, 4, 0),
(98, '2017-01-06', 1, '', '09:15:00', '09:45:00', 18, 1, NULL, 5, 0),
(99, '2017-01-07', 0, '', '08:00:00', '09:30:00', 19, 1, NULL, 6, 0),
(100, '2017-01-07', 1, '', '09:45:00', '10:45:00', 20, 1, NULL, 1, 0),
(101, '2017-01-10', 0, '', '09:45:00', '10:45:00', 20, 1, NULL, 1, 0),
(102, '2017-01-10', 1, '', '11:00:00', '11:30:00', 21, 1, NULL, 2, 0),
(103, '2017-01-11', 0, '', '08:00:00', '09:00:00', 22, 1, NULL, 3, 0),
(104, '2017-01-11', 1, '', '09:15:00', '10:15:00', 23, 1, NULL, 4, 0),
(105, '2017-01-12', 0, '', '08:00:00', '08:30:00', 24, 1, NULL, 5, 0),
(106, '2017-01-12', 1, '', '08:45:00', '10:15:00', 25, 1, NULL, 6, 0),
(107, '2017-01-13', 0, '', '08:00:00', '09:00:00', 26, 1, NULL, 1, 0),
(108, '2017-01-13', 1, '', '09:15:00', '09:45:00', 27, 1, NULL, 2, 0),
(109, '2017-01-14', 0, '', '08:00:00', '09:00:00', 28, 1, NULL, 3, 0),
(110, '2017-01-14', 1, '', '09:15:00', '10:15:00', 29, 1, NULL, 4, 0),
(111, '2017-01-17', 0, '', '09:15:00', '10:15:00', 29, 1, NULL, 4, 0),
(112, '2017-01-17', 1, '', '10:30:00', '11:00:00', 30, 1, NULL, 5, 0),
(113, '2017-01-18', 0, '', '08:00:00', '09:30:00', 31, 1, NULL, 6, 0),
(114, '2017-01-18', 1, '', '09:45:00', '10:45:00', 32, 1, NULL, 1, 0),
(115, '2017-01-19', 0, '', '08:00:00', '08:30:00', 33, 1, NULL, 2, 0),
(116, '2017-01-19', 1, '', '08:45:00', '09:45:00', 7, 1, NULL, 3, 0),
(117, '2017-01-20', 0, '', '08:00:00', '09:00:00', 8, 1, NULL, 4, 0),
(118, '2017-01-20', 1, '', '09:15:00', '09:45:00', 9, 1, NULL, 5, 0),
(119, '2017-01-21', 0, '', '08:00:00', '09:30:00', 10, 1, NULL, 6, 0),
(120, '2017-01-21', 1, '', '09:45:00', '10:45:00', 11, 1, NULL, 1, 0),
(121, '2017-01-24', 0, '', '09:45:00', '10:45:00', 11, 1, NULL, 1, 0),
(122, '2017-01-24', 1, '', '11:00:00', '11:30:00', 12, 1, NULL, 2, 0),
(123, '2017-01-25', 0, '', '08:00:00', '09:00:00', 13, 1, NULL, 3, 0),
(124, '2017-01-25', 1, '', '09:15:00', '10:15:00', 14, 1, NULL, 4, 0),
(125, '2017-01-26', 0, '', '08:00:00', '08:30:00', 15, 1, NULL, 5, 0),
(126, '2017-01-26', 1, '', '08:45:00', '10:15:00', 16, 1, NULL, 6, 0),
(127, '2017-01-27', 0, '', '08:00:00', '09:00:00', 17, 1, NULL, 1, 0),
(128, '2017-01-27', 1, '', '09:15:00', '09:45:00', 18, 1, NULL, 2, 0),
(129, '2017-01-28', 0, '', '08:00:00', '09:00:00', 19, 1, NULL, 3, 0),
(130, '2017-01-28', 1, '', '09:15:00', '10:15:00', 20, 1, NULL, 4, 0),
(131, '2017-01-31', 0, '', '09:15:00', '10:15:00', 20, 1, NULL, 4, 0),
(132, '2017-01-31', 1, '', '10:30:00', '11:00:00', 21, 1, NULL, 5, 0),
(133, '2017-02-01', 0, '', '08:00:00', '09:30:00', 22, 1, NULL, 6, 0),
(134, '2017-02-01', 1, '', '09:45:00', '10:45:00', 23, 1, NULL, 1, 0),
(135, '2017-02-02', 0, '', '08:00:00', '08:30:00', 24, 1, NULL, 2, 0),
(136, '2017-02-02', 1, '', '08:45:00', '09:45:00', 25, 1, NULL, 3, 0),
(137, '2017-02-03', 0, '', '08:00:00', '09:00:00', 26, 1, NULL, 4, 0),
(138, '2017-02-03', 1, '', '09:15:00', '09:45:00', 27, 1, NULL, 5, 0),
(139, '2017-02-04', 0, '', '08:00:00', '09:30:00', 28, 1, NULL, 6, 0),
(140, '2017-02-04', 1, '', '09:45:00', '10:45:00', 29, 1, NULL, 1, 0),
(141, '2017-02-07', 0, '', '09:45:00', '10:45:00', 29, 1, NULL, 1, 0),
(142, '2017-02-07', 1, '', '11:00:00', '11:30:00', 30, 1, NULL, 2, 0),
(143, '2017-02-08', 0, '', '08:00:00', '09:00:00', 31, 1, NULL, 3, 0),
(144, '2017-02-08', 1, '', '09:15:00', '10:15:00', 32, 1, NULL, 4, 0),
(145, '2017-02-09', 0, '', '08:00:00', '08:30:00', 33, 1, NULL, 5, 0),
(146, '2017-02-09', 1, '', '08:45:00', '10:15:00', 7, 1, NULL, 6, 0),
(147, '2017-02-10', 0, '', '08:00:00', '09:00:00', 8, 1, NULL, 1, 0),
(148, '2017-02-10', 1, '', '09:15:00', '09:45:00', 9, 1, NULL, 2, 0),
(149, '2017-02-11', 0, '', '08:00:00', '09:00:00', 10, 1, NULL, 3, 0),
(150, '2017-02-11', 1, '', '09:15:00', '10:15:00', 11, 1, NULL, 4, 0),
(151, '2017-02-14', 0, '', '09:15:00', '10:15:00', 11, 1, NULL, 4, 0),
(152, '2017-02-14', 1, '', '10:30:00', '11:00:00', 12, 1, NULL, 5, 0),
(153, '2017-02-15', 0, '', '08:00:00', '09:30:00', 13, 1, NULL, 6, 0),
(154, '2017-02-15', 1, '', '09:45:00', '10:45:00', 14, 1, NULL, 1, 0),
(155, '2017-02-16', 0, '', '08:00:00', '08:30:00', 15, 1, NULL, 2, 0),
(156, '2017-02-16', 1, '', '08:45:00', '09:45:00', 16, 1, NULL, 3, 0),
(157, '2017-02-17', 0, '', '08:00:00', '09:00:00', 17, 1, NULL, 4, 0),
(158, '2017-02-17', 1, '', '09:15:00', '09:45:00', 18, 1, NULL, 5, 0),
(159, '2017-02-18', 0, '', '08:00:00', '09:30:00', 19, 1, NULL, 6, 0),
(160, '2017-02-18', 1, '', '09:45:00', '10:45:00', 20, 1, NULL, 1, 0),
(161, '2017-02-21', 0, '', '09:45:00', '10:45:00', 20, 1, NULL, 1, 0),
(162, '2017-02-21', 1, '', '11:00:00', '11:30:00', 21, 1, NULL, 2, 0),
(163, '2017-02-22', 0, '', '08:00:00', '09:00:00', 22, 1, NULL, 3, 0),
(164, '2017-02-22', 1, '', '09:15:00', '10:15:00', 23, 1, NULL, 4, 0),
(165, '2017-02-23', 0, '', '08:00:00', '08:30:00', 24, 1, NULL, 5, 0),
(166, '2017-02-23', 1, '', '08:45:00', '10:15:00', 25, 1, NULL, 6, 0),
(167, '2017-02-24', 0, '', '08:00:00', '09:00:00', 26, 1, NULL, 1, 0),
(168, '2017-02-24', 1, '', '09:15:00', '09:45:00', 27, 1, NULL, 2, 0),
(169, '2017-02-25', 0, '', '08:00:00', '09:00:00', 28, 1, NULL, 3, 0),
(170, '2017-02-25', 1, '', '09:15:00', '10:15:00', 29, 1, NULL, 4, 0),
(171, '2017-02-28', 0, '', '09:15:00', '10:15:00', 29, 1, NULL, 4, 0),
(172, '2017-02-28', 1, '', '10:30:00', '11:00:00', 30, 1, NULL, 5, 0),
(173, '2017-03-01', 0, '', '08:00:00', '09:30:00', 31, 1, NULL, 6, 0),
(174, '2017-03-01', 1, '', '09:45:00', '10:45:00', 32, 1, NULL, 1, 0),
(175, '2017-03-02', 0, '', '08:00:00', '08:30:00', 33, 1, NULL, 2, 0),
(176, '2017-03-02', 1, '', '08:45:00', '09:45:00', 7, 1, NULL, 3, 0),
(177, '2017-03-03', 0, '', '08:00:00', '09:00:00', 8, 1, NULL, 4, 0),
(178, '2017-03-03', 1, '', '09:15:00', '09:45:00', 9, 1, NULL, 5, 0),
(179, '2017-03-04', 0, '', '08:00:00', '09:30:00', 10, 1, NULL, 6, 0),
(180, '2017-03-04', 1, '', '09:45:00', '10:45:00', 11, 1, NULL, 1, 0),
(181, '2017-03-07', 0, '', '09:45:00', '10:45:00', 11, 1, NULL, 1, 0),
(182, '2017-03-07', 1, '', '11:00:00', '11:30:00', 12, 1, NULL, 2, 0),
(183, '2017-03-08', 0, '', '08:00:00', '09:00:00', 13, 1, NULL, 3, 0),
(184, '2017-03-08', 1, '', '09:15:00', '10:15:00', 14, 1, NULL, 4, 0),
(185, '2017-03-09', 0, '', '08:00:00', '08:30:00', 15, 1, NULL, 5, 0),
(186, '2017-03-09', 1, '', '08:45:00', '10:15:00', 16, 1, NULL, 6, 0),
(187, '2017-03-10', 0, '', '08:00:00', '09:00:00', 17, 1, NULL, 1, 0),
(188, '2017-03-10', 1, '', '09:15:00', '09:45:00', 18, 1, NULL, 2, 0),
(189, '2017-03-11', 0, '', '08:00:00', '09:00:00', 19, 1, NULL, 3, 0),
(190, '2017-03-11', 1, '', '09:15:00', '10:15:00', 20, 1, NULL, 4, 0),
(191, '2017-03-14', 0, '', '09:15:00', '10:15:00', 20, 1, NULL, 4, 0),
(192, '2017-03-14', 1, '', '10:30:00', '11:00:00', 21, 1, NULL, 5, 0),
(193, '2017-03-15', 0, '', '08:00:00', '09:30:00', 22, 1, NULL, 6, 0),
(194, '2017-03-15', 1, '', '09:45:00', '10:45:00', 23, 1, NULL, 1, 0),
(195, '2017-03-16', 0, '', '08:00:00', '08:30:00', 24, 1, NULL, 2, 0),
(196, '2017-03-16', 1, '', '08:45:00', '09:45:00', 25, 1, NULL, 3, 0),
(197, '2017-03-17', 0, '', '08:00:00', '09:00:00', 26, 1, NULL, 4, 0),
(198, '2017-03-17', 1, '', '09:15:00', '09:45:00', 27, 1, NULL, 5, 0),
(199, '2017-03-18', 0, '', '08:00:00', '09:30:00', 28, 1, NULL, 6, 0),
(200, '2017-03-18', 1, '', '09:45:00', '10:45:00', 29, 1, NULL, 1, 0),
(201, '2017-03-21', 0, '', '09:45:00', '10:45:00', 29, 1, NULL, 1, 0),
(202, '2017-03-21', 1, '', '11:00:00', '11:30:00', 30, 1, NULL, 2, 0),
(203, '2017-03-22', 0, '', '08:00:00', '09:00:00', 31, 1, NULL, 3, 0),
(204, '2017-03-22', 1, '', '09:15:00', '10:15:00', 32, 1, NULL, 4, 0),
(205, '2017-03-23', 0, '', '08:00:00', '08:30:00', 33, 1, NULL, 5, 0),
(206, '2017-03-23', 1, '', '08:45:00', '10:15:00', 7, 1, NULL, 6, 0),
(207, '2017-03-24', 0, '', '08:00:00', '09:00:00', 8, 1, NULL, 1, 0),
(208, '2017-03-24', 1, '', '09:15:00', '09:45:00', 9, 1, NULL, 2, 0),
(209, '2017-03-25', 0, '', '08:00:00', '09:00:00', 10, 1, NULL, 3, 0),
(210, '2017-03-25', 1, '', '09:15:00', '10:15:00', 11, 1, NULL, 4, 0),
(211, '2017-03-28', 0, '', '09:15:00', '10:15:00', 11, 1, NULL, 4, 0),
(212, '2017-03-28', 1, '', '10:30:00', '11:00:00', 12, 1, NULL, 5, 0),
(213, '2017-03-29', 0, '', '08:00:00', '09:30:00', 13, 1, NULL, 6, 0),
(214, '2017-03-29', 1, '', '09:45:00', '10:45:00', 14, 1, NULL, 1, 0),
(215, '2017-03-30', 0, '', '08:00:00', '08:30:00', 15, 1, NULL, 2, 0),
(216, '2017-03-30', 1, '', '08:45:00', '09:45:00', 16, 1, NULL, 3, 0),
(217, '2017-03-31', 0, '', '08:00:00', '09:00:00', 17, 1, NULL, 4, 0),
(218, '2017-03-31', 1, '', '09:15:00', '09:45:00', 18, 1, NULL, 5, 0),
(219, '2017-04-01', 0, '', '08:00:00', '09:30:00', 19, 1, NULL, 6, 0),
(220, '2017-04-01', 1, '', '09:45:00', '10:45:00', 20, 1, NULL, 1, 0),
(221, '2017-04-04', 0, '', '09:45:00', '10:45:00', 20, 1, NULL, 1, 0),
(222, '2017-04-04', 1, '', '11:00:00', '11:30:00', 21, 1, NULL, 2, 0),
(223, '2017-04-05', 0, '', '08:00:00', '09:00:00', 22, 1, NULL, 3, 0),
(224, '2017-04-05', 1, '', '09:15:00', '10:15:00', 23, 1, NULL, 4, 0),
(225, '2017-04-06', 0, '', '08:00:00', '08:30:00', 24, 1, NULL, 5, 0),
(226, '2017-04-06', 1, '', '08:45:00', '10:15:00', 25, 1, NULL, 6, 0),
(227, '2017-04-07', 0, '', '08:00:00', '09:00:00', 26, 1, NULL, 1, 0),
(228, '2017-04-07', 1, '', '09:15:00', '09:45:00', 27, 1, NULL, 2, 0),
(229, '2017-04-08', 0, '', '08:00:00', '09:00:00', 28, 1, NULL, 3, 0),
(230, '2017-04-08', 1, '', '09:15:00', '10:15:00', 29, 1, NULL, 4, 0),
(231, '2017-04-11', 0, '', '09:15:00', '10:15:00', 29, 1, NULL, 4, 0),
(232, '2017-04-11', 1, '', '10:30:00', '11:00:00', 30, 1, NULL, 5, 0),
(233, '2017-04-12', 0, '', '08:00:00', '09:30:00', 31, 1, NULL, 6, 0),
(234, '2017-04-12', 1, '', '09:45:00', '10:45:00', 32, 1, NULL, 1, 0),
(235, '2017-04-13', 0, '', '08:00:00', '08:30:00', 33, 1, NULL, 2, 0),
(236, '2017-04-13', 1, '', '08:45:00', '09:45:00', 7, 1, NULL, 3, 0),
(237, '2017-04-14', 0, '', '08:00:00', '09:00:00', 8, 1, NULL, 4, 0),
(238, '2017-04-14', 1, '', '09:15:00', '09:45:00', 9, 1, NULL, 5, 0),
(239, '2017-04-15', 0, '', '08:00:00', '09:30:00', 10, 1, NULL, 6, 0),
(240, '2017-04-15', 1, '', '09:45:00', '10:45:00', 11, 1, NULL, 1, 0),
(241, '2017-04-18', 0, '', '09:45:00', '10:45:00', 11, 1, NULL, 1, 0),
(242, '2017-04-18', 1, '', '11:00:00', '11:30:00', 12, 1, NULL, 2, 0),
(243, '2017-04-19', 0, '', '08:00:00', '09:00:00', 13, 1, NULL, 3, 0),
(244, '2017-04-19', 1, '', '09:15:00', '10:15:00', 14, 1, NULL, 4, 0),
(245, '2017-04-20', 0, '', '08:00:00', '08:30:00', 15, 1, NULL, 5, 0),
(246, '2017-04-20', 1, '', '08:45:00', '10:15:00', 16, 1, NULL, 6, 0),
(247, '2017-04-21', 0, '', '08:00:00', '09:00:00', 17, 1, NULL, 1, 0),
(248, '2017-04-21', 1, '', '09:15:00', '09:45:00', 18, 1, NULL, 2, 0),
(249, '2017-04-22', 0, '', '08:00:00', '09:00:00', 19, 1, NULL, 3, 0),
(250, '2017-04-22', 1, '', '09:15:00', '10:15:00', 20, 1, NULL, 4, 0),
(251, '2017-04-25', 0, '', '09:15:00', '10:15:00', 20, 1, NULL, 4, 0),
(252, '2017-04-25', 1, '', '10:30:00', '11:00:00', 21, 1, NULL, 5, 0),
(253, '2017-04-26', 0, '', '08:00:00', '09:30:00', 22, 1, NULL, 6, 0),
(254, '2017-04-26', 1, '', '09:45:00', '10:45:00', 23, 1, NULL, 1, 0),
(255, '2017-04-27', 0, '', '08:00:00', '08:30:00', 24, 1, NULL, 2, 0),
(256, '2017-04-27', 1, '', '08:45:00', '09:45:00', 25, 1, NULL, 3, 0),
(257, '2017-04-28', 0, '', '08:00:00', '09:00:00', 26, 1, NULL, 4, 0),
(258, '2017-04-28', 1, '', '09:15:00', '09:45:00', 27, 1, NULL, 5, 0),
(259, '2017-04-29', 0, '', '08:00:00', '09:30:00', 28, 1, NULL, 6, 0),
(260, '2017-04-29', 1, '', '09:45:00', '10:45:00', 29, 1, NULL, 1, 0),
(261, '2017-05-02', 0, '', '09:45:00', '10:45:00', 29, 1, NULL, 1, 0),
(262, '2017-05-02', 1, '', '11:00:00', '11:30:00', 30, 1, NULL, 2, 0),
(263, '2017-05-03', 0, '', '08:00:00', '09:00:00', 31, 1, NULL, 3, 0),
(264, '2017-05-03', 1, '', '09:15:00', '10:15:00', 32, 1, NULL, 4, 0),
(265, '2017-05-04', 0, '', '08:00:00', '08:30:00', 33, 1, NULL, 5, 0),
(266, '2017-05-04', 1, '', '08:45:00', '10:15:00', 7, 1, NULL, 6, 0),
(267, '2017-05-05', 0, '', '08:00:00', '09:00:00', 8, 1, NULL, 1, 0),
(268, '2017-05-05', 1, '', '09:15:00', '09:45:00', 9, 1, NULL, 2, 0),
(269, '2017-05-06', 0, '', '08:00:00', '09:00:00', 10, 1, NULL, 3, 0),
(270, '2017-05-06', 1, '', '09:15:00', '10:15:00', 11, 1, NULL, 4, 0),
(271, '2017-05-09', 0, '', '09:15:00', '10:15:00', 11, 1, NULL, 4, 0),
(272, '2017-05-09', 1, '', '10:30:00', '11:00:00', 12, 1, NULL, 5, 0),
(273, '2017-05-10', 0, '', '08:00:00', '09:30:00', 13, 1, NULL, 6, 0),
(274, '2017-05-10', 1, '', '09:45:00', '10:45:00', 14, 1, NULL, 1, 0),
(275, '2017-05-11', 0, '', '08:00:00', '08:30:00', 15, 1, NULL, 2, 0),
(276, '2017-05-11', 1, '', '08:45:00', '09:45:00', 16, 1, NULL, 3, 0),
(277, '2017-05-12', 0, '', '08:00:00', '09:00:00', 17, 1, NULL, 4, 0),
(278, '2017-05-12', 1, '', '09:15:00', '09:45:00', 18, 1, NULL, 5, 0),
(279, '2017-05-13', 0, '', '08:00:00', '09:30:00', 19, 1, NULL, 6, 0),
(280, '2017-05-13', 1, '', '09:45:00', '10:45:00', 20, 1, NULL, 1, 0),
(281, '2017-05-16', 0, '', '09:45:00', '10:45:00', 20, 1, NULL, 1, 0),
(282, '2017-05-16', 1, '', '11:00:00', '11:30:00', 21, 1, NULL, 2, 0),
(283, '2017-05-17', 0, '', '08:00:00', '09:00:00', 22, 1, NULL, 3, 0),
(284, '2017-05-17', 1, '', '09:15:00', '10:15:00', 23, 1, NULL, 4, 0),
(285, '2017-05-18', 0, '', '08:00:00', '08:30:00', 24, 1, NULL, 5, 0),
(286, '2017-05-18', 1, '', '08:45:00', '10:15:00', 25, 1, NULL, 6, 0),
(287, '2017-05-19', 0, '', '08:00:00', '09:00:00', 26, 1, NULL, 1, 0),
(288, '2017-05-19', 1, '', '09:15:00', '09:45:00', 27, 1, NULL, 2, 0),
(289, '2017-05-20', 0, '', '08:00:00', '09:00:00', 28, 1, NULL, 3, 0),
(290, '2017-05-20', 1, '', '09:15:00', '10:15:00', 29, 1, NULL, 4, 0),
(291, '2017-05-23', 0, '', '09:15:00', '10:15:00', 29, 1, NULL, 4, 0),
(292, '2017-05-23', 1, '', '10:30:00', '11:00:00', 30, 1, NULL, 5, 0),
(293, '2017-05-24', 0, '', '08:00:00', '09:30:00', 31, 1, NULL, 6, 0),
(294, '2017-05-24', 1, '', '09:45:00', '10:45:00', 32, 1, NULL, 1, 0),
(295, '2017-05-25', 0, '', '08:00:00', '08:30:00', 33, 1, NULL, 2, 0),
(296, '2017-05-25', 1, '', '08:45:00', '09:45:00', 7, 1, NULL, 3, 0),
(297, '2017-05-26', 0, '', '08:00:00', '09:00:00', 8, 1, NULL, 4, 0),
(298, '2017-05-26', 1, '', '09:15:00', '09:45:00', 9, 1, NULL, 5, 0),
(299, '2017-05-27', 0, '', '08:00:00', '09:30:00', 10, 1, NULL, 6, 0),
(300, '2017-05-27', 1, '', '09:45:00', '10:45:00', 11, 1, 2, 1, 0),
(301, '2017-05-30', 0, '', '09:45:00', '10:45:00', 11, 1, NULL, 1, 0),
(302, '2017-05-30', 1, '', '11:00:00', '11:30:00', 12, 1, NULL, 2, 0),
(303, '2017-05-31', 0, '', '08:00:00', '09:00:00', 13, 1, NULL, 3, 0),
(304, '2017-05-31', 1, '', '09:15:00', '10:15:00', 14, 1, NULL, 4, 0),
(305, '2017-06-01', 0, '', '08:00:00', '08:30:00', 15, 1, NULL, 5, 0),
(306, '2017-06-01', 1, '', '08:45:00', '10:15:00', 16, 1, NULL, 6, 0),
(307, '2017-06-02', 0, '', '08:00:00', '09:00:00', 17, 1, NULL, 1, 0),
(308, '2017-06-02', 1, '', '09:15:00', '09:45:00', 18, 1, NULL, 2, 0),
(309, '2017-06-03', 0, '', '08:00:00', '09:00:00', 19, 1, NULL, 3, 0),
(310, '2017-06-03', 1, '', '09:15:00', '10:15:00', 20, 1, 2, 4, 0),
(311, '2017-06-06', 0, '', '09:15:00', '10:15:00', 20, 1, NULL, 4, 0),
(312, '2017-06-06', 1, '', '10:30:00', '11:00:00', 21, 1, NULL, 5, 0),
(313, '2017-06-07', 0, '', '08:00:00', '09:30:00', 22, 1, NULL, 6, 0),
(314, '2017-06-07', 1, '', '09:45:00', '10:45:00', 23, 1, NULL, 1, 0),
(315, '2017-06-08', 0, '', '08:00:00', '08:30:00', 24, 1, NULL, 2, 0),
(316, '2017-06-08', 1, '', '08:45:00', '09:45:00', 25, 1, NULL, 3, 0),
(317, '2017-06-09', 0, '', '08:00:00', '09:00:00', 26, 1, NULL, 4, 0),
(318, '2017-06-09', 1, '', '09:15:00', '09:45:00', 27, 1, NULL, 5, 0),
(319, '2017-06-10', 0, '', '08:00:00', '09:30:00', 28, 1, NULL, 6, 0),
(320, '2017-06-10', 1, '', '09:45:00', '10:45:00', 29, 1, 2, 1, 0),
(321, '2017-06-13', 0, '', '09:45:00', '10:45:00', 29, 1, NULL, 1, 0),
(322, '2017-06-13', 1, '', '11:00:00', '11:30:00', 30, 1, NULL, 2, 0),
(323, '2017-06-14', 0, '', '08:00:00', '09:00:00', 31, 1, NULL, 3, 0),
(324, '2017-06-14', 1, '', '09:15:00', '10:15:00', 32, 1, NULL, 4, 0),
(325, '2017-06-15', 0, '', '08:00:00', '08:30:00', 33, 1, NULL, 5, 0),
(326, '2017-06-15', 1, '', '08:45:00', '10:15:00', 7, 1, NULL, 6, 0),
(327, '2017-06-16', 0, '', '08:00:00', '09:00:00', 8, 1, NULL, 1, 0),
(328, '2017-06-16', 1, '', '09:15:00', '09:45:00', 9, 1, NULL, 2, 0),
(329, '2017-06-17', 0, '', '08:00:00', '09:00:00', 10, 1, NULL, 3, 0),
(330, '2017-06-17', 1, '', '09:15:00', '10:15:00', 11, 1, NULL, 4, 0),
(331, '2017-06-20', 0, '', '09:15:00', '10:15:00', 11, 1, NULL, 4, 0),
(332, '2017-06-20', 1, '', '10:30:00', '11:00:00', 12, 1, NULL, 5, 0),
(333, '2017-06-21', 0, '', '08:00:00', '09:30:00', 13, 1, NULL, 6, 0),
(334, '2017-06-21', 1, '', '09:45:00', '10:45:00', 14, 1, NULL, 1, 0),
(335, '2017-06-22', 0, '', '08:00:00', '08:30:00', 15, 1, NULL, 2, 0),
(336, '2017-06-22', 1, '', '08:45:00', '09:45:00', 16, 1, NULL, 3, 0),
(337, '2017-06-23', 0, '', '08:00:00', '09:00:00', 17, 1, NULL, 4, 0),
(338, '2017-06-23', 1, '', '09:15:00', '09:45:00', 18, 1, NULL, 5, 0),
(339, '2017-06-24', 0, '', '08:00:00', '09:30:00', 19, 1, NULL, 6, 0),
(340, '2017-06-24', 1, '', '09:45:00', '10:45:00', 20, 1, NULL, 1, 0),
(341, '2017-06-27', 0, '', '09:45:00', '10:45:00', 20, 1, NULL, 1, 0),
(342, '2017-06-27', 1, '', '11:00:00', '11:30:00', 21, 1, NULL, 2, 0),
(343, '2017-06-28', 0, '', '08:00:00', '09:00:00', 22, 1, NULL, 3, 0),
(344, '2017-06-28', 1, '', '09:15:00', '10:15:00', 23, 1, NULL, 4, 0),
(345, '2017-06-29', 0, '', '08:00:00', '08:30:00', 24, 1, NULL, 5, 0),
(346, '2017-06-29', 1, '', '08:45:00', '10:15:00', 25, 1, NULL, 6, 0),
(347, '2017-06-30', 0, '', '08:00:00', '09:00:00', 26, 1, NULL, 1, 0),
(348, '2017-06-30', 1, '', '09:15:00', '09:45:00', 27, 1, NULL, 2, 0),
(349, '2017-07-01', 0, '', '08:00:00', '09:00:00', 28, 1, NULL, 3, 0),
(350, '2017-07-01', 1, '', '09:15:00', '10:15:00', 29, 1, 3, 4, 0),
(351, '2017-07-04', 0, '', '09:15:00', '10:15:00', 29, 1, NULL, 4, 0),
(352, '2017-07-04', 1, '', '10:30:00', '11:00:00', 30, 1, NULL, 5, 0),
(353, '2017-07-05', 0, '', '08:00:00', '09:30:00', 31, 1, NULL, 6, 0),
(354, '2017-07-05', 1, '', '09:45:00', '10:45:00', 32, 1, NULL, 1, 0),
(355, '2017-07-06', 0, '', '08:00:00', '08:30:00', 33, 1, NULL, 2, 0),
(356, '2017-07-06', 1, '', '08:45:00', '09:45:00', 7, 1, NULL, 3, 0),
(357, '2017-07-07', 0, '', '08:00:00', '09:00:00', 8, 1, NULL, 4, 0),
(358, '2017-07-07', 1, '', '09:15:00', '09:45:00', 9, 1, NULL, 5, 0),
(359, '2017-07-08', 0, '', '08:00:00', '09:30:00', 10, 1, NULL, 6, 0),
(360, '2017-07-08', 1, '', '09:45:00', '10:45:00', 11, 1, 3, 1, 0),
(361, '2017-07-11', 0, '', '09:45:00', '10:45:00', 11, 1, NULL, 1, 0),
(362, '2017-07-11', 1, '', '11:00:00', '11:30:00', 12, 1, NULL, 2, 0),
(363, '2017-07-12', 0, '', '08:00:00', '09:00:00', 13, 1, NULL, 3, 0),
(364, '2017-07-12', 1, '', '09:15:00', '10:15:00', 14, 1, NULL, 4, 0),
(365, '2017-07-13', 0, '', '08:00:00', '08:30:00', 15, 1, NULL, 5, 0),
(366, '2017-07-13', 1, '', '08:45:00', '10:15:00', 16, 1, NULL, 6, 0),
(367, '2017-07-14', 0, '', '08:00:00', '09:00:00', 17, 1, NULL, 1, 0),
(368, '2017-07-14', 1, '', '09:15:00', '09:45:00', 18, 1, NULL, 2, 0),
(369, '2017-07-15', 0, '', '08:00:00', '09:00:00', 19, 1, NULL, 3, 0),
(370, '2017-07-15', 1, '', '09:15:00', '10:15:00', 20, 1, 3, 4, 0),
(371, '2017-07-18', 0, '', '09:15:00', '10:15:00', 20, 1, NULL, 4, 0),
(372, '2017-07-18', 1, '', '10:30:00', '11:00:00', 21, 1, NULL, 5, 0),
(373, '2017-07-19', 0, '', '08:00:00', '09:30:00', 22, 1, NULL, 6, 0),
(374, '2017-07-19', 1, '', '09:45:00', '10:45:00', 23, 1, NULL, 1, 0),
(375, '2017-07-20', 0, '', '08:00:00', '08:30:00', 24, 1, NULL, 2, 0),
(376, '2017-07-20', 1, '', '08:45:00', '09:45:00', 25, 1, NULL, 3, 0),
(377, '2017-07-21', 0, '', '08:00:00', '09:00:00', 26, 1, NULL, 4, 0),
(378, '2017-07-21', 1, '', '09:15:00', '09:45:00', 27, 1, NULL, 5, 0),
(379, '2017-07-22', 0, '', '08:00:00', '09:30:00', 28, 1, NULL, 6, 0),
(380, '2017-07-22', 1, '', '09:45:00', '10:45:00', 29, 1, 3, 1, 0),
(381, '2017-07-25', 0, '', '09:45:00', '10:45:00', 29, 1, NULL, 1, 0),
(382, '2017-07-25', 1, '', '11:00:00', '11:30:00', 30, 1, NULL, 2, 0),
(383, '2017-07-26', 0, '', '08:00:00', '09:00:00', 31, 1, NULL, 3, 0),
(384, '2017-07-26', 1, '', '09:15:00', '10:15:00', 32, 1, NULL, 4, 0),
(385, '2017-07-27', 0, '', '08:00:00', '08:30:00', 33, 1, NULL, 5, 0),
(386, '2017-07-27', 1, '', '08:45:00', '10:15:00', 7, 1, NULL, 6, 0),
(387, '2017-07-28', 0, '', '08:00:00', '09:00:00', 8, 1, NULL, 1, 0),
(388, '2017-07-28', 1, '', '09:15:00', '09:45:00', 9, 1, NULL, 2, 0),
(389, '2017-07-29', 0, '', '08:00:00', '09:00:00', 10, 1, NULL, 3, 0),
(390, '2017-07-29', 1, '', '09:15:00', '10:15:00', 11, 1, 3, 4, 0),
(391, '2017-08-01', 0, '', '09:15:00', '10:15:00', 11, 1, NULL, 4, 0),
(392, '2017-08-01', 1, '', '10:30:00', '11:00:00', 12, 1, NULL, 5, 0),
(393, '2017-08-02', 0, '', '08:00:00', '09:30:00', 13, 1, NULL, 6, 0),
(394, '2017-08-02', 1, '', '09:45:00', '10:45:00', 14, 1, NULL, 1, 0),
(395, '2017-08-03', 0, '', '08:00:00', '08:30:00', 15, 1, NULL, 2, 0),
(396, '2017-08-03', 1, '', '08:45:00', '09:45:00', 16, 1, NULL, 3, 0),
(397, '2017-08-04', 0, '', '08:00:00', '09:00:00', 17, 1, NULL, 4, 0),
(398, '2017-08-04', 1, '', '09:15:00', '09:45:00', 18, 1, NULL, 5, 0),
(399, '2017-08-05', 0, '', '08:00:00', '09:30:00', 19, 1, NULL, 6, 0),
(400, '2017-08-05', 1, '', '09:45:00', '10:45:00', 20, 1, 3, 1, 0),
(401, '2017-08-08', 0, '', '09:45:00', '10:45:00', 20, 1, NULL, 1, 0),
(402, '2017-08-08', 1, '', '11:00:00', '11:30:00', 21, 1, NULL, 2, 0),
(403, '2017-08-09', 0, '', '08:00:00', '09:00:00', 22, 1, NULL, 3, 0),
(404, '2017-08-09', 1, '', '09:15:00', '10:15:00', 23, 1, NULL, 4, 0),
(405, '2017-08-10', 0, '', '08:00:00', '08:30:00', 24, 1, NULL, 5, 0),
(406, '2017-08-10', 1, '', '08:45:00', '10:15:00', 25, 1, NULL, 6, 0),
(407, '2017-08-11', 0, '', '08:00:00', '09:00:00', 26, 1, NULL, 1, 0),
(408, '2017-08-11', 1, '', '09:15:00', '09:45:00', 27, 1, NULL, 2, 0),
(409, '2017-08-12', 0, '', '08:00:00', '09:00:00', 28, 1, NULL, 3, 0),
(410, '2017-08-12', 1, '', '09:15:00', '10:15:00', 29, 1, 3, 4, 0),
(411, '2017-08-15', 0, '', '09:15:00', '10:15:00', 29, 1, NULL, 4, 0),
(412, '2017-08-15', 1, '', '10:30:00', '11:00:00', 30, 1, NULL, 5, 0),
(413, '2017-08-16', 0, '', '08:00:00', '09:30:00', 31, 1, NULL, 6, 0),
(414, '2017-08-16', 1, '', '09:45:00', '10:45:00', 32, 1, NULL, 1, 0),
(415, '2017-08-17', 0, '', '08:00:00', '08:30:00', 33, 1, NULL, 2, 0),
(416, '2017-08-17', 1, '', '08:45:00', '09:45:00', 7, 1, NULL, 3, 0),
(417, '2017-08-18', 0, '', '08:00:00', '09:00:00', 8, 1, NULL, 4, 0),
(418, '2017-08-18', 1, '', '09:15:00', '09:45:00', 9, 1, NULL, 5, 0),
(419, '2017-08-19', 0, '', '08:00:00', '09:30:00', 10, 1, NULL, 6, 0),
(420, '2017-08-19', 1, '', '09:45:00', '10:45:00', 11, 1, NULL, 1, 0),
(421, '2017-08-22', 0, '', '09:45:00', '10:45:00', 11, 1, NULL, 1, 0),
(422, '2017-08-22', 1, '', '11:00:00', '11:30:00', 12, 1, NULL, 2, 0),
(423, '2017-08-23', 0, '', '08:00:00', '09:00:00', 13, 1, NULL, 3, 0),
(424, '2017-08-23', 1, '', '09:15:00', '10:15:00', 14, 1, NULL, 4, 0),
(425, '2017-08-24', 0, '', '08:00:00', '08:30:00', 15, 1, NULL, 5, 0),
(426, '2017-08-24', 1, '', '08:45:00', '10:15:00', 16, 1, NULL, 6, 0),
(427, '2017-08-25', 0, '', '08:00:00', '09:00:00', 17, 1, NULL, 1, 0),
(428, '2017-08-25', 1, '', '09:15:00', '09:45:00', 18, 1, NULL, 2, 0),
(429, '2017-08-26', 0, '', '08:00:00', '09:00:00', 19, 1, NULL, 3, 0),
(430, '2017-08-26', 1, '', '09:15:00', '10:15:00', 20, 1, NULL, 4, 0),
(431, '2017-08-29', 0, '', '09:15:00', '10:15:00', 20, 1, NULL, 4, 0),
(432, '2017-08-29', 1, '', '10:30:00', '11:00:00', 21, 1, NULL, 5, 0),
(433, '2017-08-30', 0, '', '08:00:00', '09:30:00', 22, 1, NULL, 6, 0),
(434, '2017-08-30', 1, '', '09:45:00', '10:45:00', 23, 1, NULL, 1, 0),
(435, '2017-08-31', 0, '', '08:00:00', '08:30:00', 24, 1, NULL, 2, 0),
(436, '2017-08-31', 1, '', '08:45:00', '09:45:00', 25, 1, NULL, 3, 0),
(437, '2017-09-01', 0, '', '08:00:00', '09:00:00', 26, 1, NULL, 4, 0),
(438, '2017-09-01', 1, '', '09:15:00', '09:45:00', 27, 1, NULL, 5, 0),
(439, '2017-09-02', 0, '', '08:00:00', '09:30:00', 28, 1, NULL, 6, 0),
(440, '2017-09-02', 1, '', '09:45:00', '10:45:00', 29, 1, 3, 1, 0),
(441, '2017-09-05', 0, '', '09:45:00', '10:45:00', 29, 1, NULL, 1, 0),
(442, '2017-09-05', 1, '', '11:00:00', '11:30:00', 30, 1, NULL, 2, 0),
(443, '2017-09-06', 0, '', '08:00:00', '09:00:00', 31, 1, NULL, 3, 0),
(444, '2017-09-06', 1, '', '09:15:00', '10:15:00', 32, 1, NULL, 4, 0),
(445, '2017-09-07', 0, '', '08:00:00', '08:30:00', 33, 1, NULL, 5, 0),
(446, '2017-09-07', 1, '', '08:45:00', '10:15:00', 7, 1, NULL, 6, 0),
(447, '2017-09-08', 0, '', '08:00:00', '09:00:00', 8, 1, 3, 1, 0),
(448, '2017-09-08', 1, '', '09:15:00', '09:45:00', 9, 1, NULL, 2, 0),
(449, '2017-09-09', 0, '', '08:00:00', '09:00:00', 10, 1, NULL, 3, 0),
(450, '2017-09-09', 1, '', '09:15:00', '10:15:00', 11, 1, NULL, 4, 0),
(451, '2017-09-12', 0, '', '09:15:00', '10:15:00', 11, 1, NULL, 4, 0),
(452, '2017-09-12', 1, '', '10:30:00', '11:00:00', 12, 1, NULL, 5, 0),
(453, '2017-09-13', 0, '', '08:00:00', '09:30:00', 13, 1, NULL, 6, 0),
(454, '2017-09-13', 1, '', '09:45:00', '10:45:00', 14, 1, 3, 1, 0),
(455, '2017-09-14', 0, '', '08:00:00', '08:30:00', 15, 1, NULL, 2, 0),
(456, '2017-09-14', 1, '', '08:45:00', '09:45:00', 16, 1, NULL, 3, 0),
(457, '2017-09-15', 0, '', '08:00:00', '09:00:00', 17, 1, NULL, 4, 0),
(458, '2017-09-15', 1, '', '09:15:00', '09:45:00', 18, 1, NULL, 5, 0),
(459, '2017-09-16', 0, '', '08:00:00', '09:30:00', 19, 1, NULL, 6, 0),
(460, '2017-09-16', 1, '', '09:45:00', '10:45:00', 20, 1, NULL, 1, 0),
(461, '2017-09-19', 0, '', '09:45:00', '10:45:00', 20, 1, 3, 1, 0),
(462, '2017-09-19', 1, '', '11:00:00', '11:30:00', 21, 1, NULL, 2, 0),
(463, '2017-09-20', 0, '', '08:00:00', '09:00:00', 22, 1, NULL, 3, 0),
(464, '2017-09-20', 1, '', '09:15:00', '10:15:00', 23, 1, NULL, 4, 0),
(465, '2017-09-21', 0, '', '08:00:00', '08:30:00', 24, 1, NULL, 5, 0),
(466, '2017-09-21', 1, '', '08:45:00', '10:15:00', 25, 1, NULL, 6, 0),
(467, '2017-09-22', 0, '', '08:00:00', '09:00:00', 26, 1, NULL, 1, 0),
(468, '2017-09-22', 1, '', '09:15:00', '09:45:00', 27, 1, 3, 2, 0),
(469, '2017-09-23', 0, '', '08:00:00', '09:00:00', 28, 1, NULL, 3, 0),
(470, '2017-09-23', 1, '', '09:15:00', '10:15:00', 29, 1, NULL, 4, 0),
(471, '2017-09-26', 0, '', '09:15:00', '10:15:00', 29, 1, 3, 4, 0),
(472, '2017-09-26', 1, '', '10:30:00', '11:00:00', 30, 1, NULL, 5, 0),
(473, '2017-09-27', 0, '', '08:00:00', '09:30:00', 31, 1, NULL, 6, 0),
(474, '2017-09-27', 1, '', '09:45:00', '10:45:00', 32, 1, NULL, 1, 0),
(475, '2017-09-28', 0, '', '08:00:00', '08:30:00', 33, 1, NULL, 2, 0),
(476, '2017-09-28', 1, '', '08:45:00', '09:45:00', 7, 1, NULL, 3, 0),
(477, '2017-09-29', 0, '', '08:00:00', '09:00:00', 8, 1, NULL, 4, 0),
(478, '2017-09-29', 1, '', '09:15:00', '09:45:00', 9, 1, 3, 5, 0),
(479, '2017-09-30', 0, '', '08:00:00', '09:30:00', 10, 1, NULL, 6, 0),
(480, '2017-09-30', 1, '', '09:45:00', '10:45:00', 11, 1, NULL, 1, 0),
(481, '2017-10-03', 0, '', '09:45:00', '10:45:00', 11, 1, NULL, 1, 0),
(482, '2017-10-03', 1, '', '11:00:00', '11:30:00', 12, 1, NULL, 2, 0),
(483, '2017-10-04', 0, '', '08:00:00', '09:00:00', 13, 1, NULL, 3, 0),
(484, '2017-10-04', 1, '', '09:15:00', '10:15:00', 14, 1, 3, 4, 0),
(485, '2017-10-05', 0, '', '08:00:00', '08:30:00', 15, 1, 3, 5, 0),
(486, '2017-10-05', 1, '', '08:45:00', '10:15:00', 16, 1, NULL, 6, 0),
(487, '2017-10-06', 0, '', '08:00:00', '09:00:00', 17, 1, NULL, 1, 0),
(488, '2017-10-06', 1, '', '09:15:00', '09:45:00', 18, 1, 2, 2, 0),
(489, '2017-10-07', 0, '', '08:00:00', '09:00:00', 19, 1, NULL, 3, 0),
(490, '2017-10-07', 1, '', '09:15:00', '10:15:00', 20, 1, NULL, 4, 0),
(491, '2017-10-10', 0, '', '09:15:00', '10:15:00', 20, 1, NULL, 4, 0),
(492, '2017-10-10', 1, '', '10:30:00', '11:00:00', 21, 1, NULL, 5, 0),
(493, '2017-10-11', 0, '', '08:00:00', '09:30:00', 22, 1, NULL, 6, 0),
(494, '2017-10-11', 1, '', '09:45:00', '10:45:00', 23, 1, NULL, 1, 0),
(495, '2017-10-12', 0, '', '08:00:00', '08:30:00', 24, 1, NULL, 2, 0),
(496, '2017-10-12', 1, '', '08:45:00', '09:45:00', 25, 1, NULL, 3, 0),
(497, '2017-10-13', 0, '', '08:00:00', '09:00:00', 26, 1, NULL, 4, 0),
(498, '2017-10-13', 1, '', '09:15:00', '09:45:00', 27, 1, 2, 5, 0),
(499, '2017-10-14', 0, '', '08:00:00', '09:30:00', 28, 1, NULL, 6, 0),
(500, '2017-10-14', 1, '', '09:45:00', '10:45:00', 29, 1, NULL, 1, 0),
(501, '2017-10-17', 0, '', '09:45:00', '10:45:00', 29, 1, NULL, 1, 0),
(502, '2017-10-17', 1, '', '11:00:00', '11:30:00', 30, 1, 3, 2, 0),
(503, '2017-10-18', 0, '', '08:00:00', '09:00:00', 31, 1, NULL, 3, 0),
(504, '2017-10-18', 1, '', '09:15:00', '10:15:00', 32, 1, NULL, 4, 0),
(505, '2017-10-19', 0, '', '08:00:00', '08:30:00', 33, 1, 1, 5, 0),
(506, '2017-10-19', 1, '', '08:45:00', '10:15:00', 7, 1, NULL, 6, 0),
(507, '2017-10-20', 0, '', '08:00:00', '09:00:00', 8, 1, NULL, 1, 0),
(508, '2017-10-20', 1, '', '09:15:00', '09:45:00', 9, 1, NULL, 2, 0),
(509, '2017-10-21', 0, '', '08:00:00', '09:00:00', 10, 1, NULL, 3, 0),
(510, '2017-10-21', 1, '', '09:15:00', '10:15:00', 11, 1, 1, 4, 0),
(511, '2017-10-24', 0, '', '09:15:00', '10:15:00', 11, 1, NULL, 4, 0),
(512, '2017-10-24', 1, '', '10:30:00', '11:00:00', 12, 1, NULL, 5, 0),
(513, '2017-10-25', 0, '', '08:00:00', '09:30:00', 13, 1, NULL, 6, 0),
(514, '2017-10-25', 1, '', '09:45:00', '10:45:00', 14, 1, NULL, 1, 0),
(515, '2017-10-26', 0, '', '08:00:00', '08:30:00', 15, 1, 1, 2, 0),
(516, '2017-10-26', 1, '', '08:45:00', '09:45:00', 16, 1, NULL, 3, 0),
(517, '2017-10-27', 0, '', '08:00:00', '09:00:00', 17, 1, NULL, 4, 0),
(518, '2017-10-27', 1, '', '09:15:00', '09:45:00', 18, 1, NULL, 5, 0),
(519, '2017-10-28', 0, '', '08:00:00', '09:30:00', 19, 1, NULL, 6, 0),
(520, '2017-10-28', 1, '', '09:45:00', '10:45:00', 20, 1, 1, 1, 0);

-- --------------------------------------------------------

--
-- Table structure for table `client`
--

CREATE TABLE IF NOT EXISTS `client` (
  `client_id` int(11) NOT NULL,
  `client_fname` varchar(50) NOT NULL,
  `client_lname` varchar(50) NOT NULL,
  `client_email` varchar(255) NOT NULL,
  `client_passwd` varchar(50) NOT NULL,
  `client_address` varchar(50) NOT NULL,
  `client_dob` date NOT NULL,
  `client_gender` varchar(10) NOT NULL,
  `client_home` int(20) NOT NULL,
  `client_mobile` int(20) NOT NULL,
  `admin_id` int(11) DEFAULT NULL
) ENGINE=InnoDB AUTO_INCREMENT=37 DEFAULT CHARSET=latin1;

--
-- Dumping data for table `client`
--

INSERT INTO `client` (`client_id`, `client_fname`, `client_lname`, `client_email`, `client_passwd`, `client_address`, `client_dob`, `client_gender`, `client_home`, `client_mobile`, `admin_id`) VALUES
(7, 'Michael', 'Douglas', 'mike@mike.com', '123', 'Papamoa', '1970-01-01', 'Male', 555, 0, 1),
(8, 'alex', 'salex', 'alex@mike.com', '123', 'mount', '1975-02-01', 'male', 3632, 0, 1),
(9, 'Liz', 'Hurley', 'liz@gmail.com', '123', 'tauranga', '1980-03-01', 'female', 28738837, 0, 1),
(10, 'Tom', 'Clancy', 'tom@apple.com', '123', 'papamoa', '1985-04-01', 'male', 8776, 0, 1),
(11, 'Josie', 'Bennett', 'jbennet@apple.com', '123', 'mount', '1990-05-01', 'female', 282634, 0, 1),
(12, 'Stef', 'Hendra', 'stef@google.com', '123', 'mount', '1995-06-01', 'female', 2222, 0, 1),
(13, 'sara', 'mara', 'sara@apple.com', '123', 'tauranga', '2000-07-01', 'female', 232222, 0, 1),
(14, 'Tom', 'Moore', 'tomm@gmail.com', '123', 'tauranga', '1995-08-01', 'male', 8776, 0, 1),
(15, 'Bob', 'Kesto', 'bob@gmail.com', '123', 'bethlehem', '1990-09-01', 'male', 8776, 0, 1),
(16, 'Roberts', 'Morris', 'rob@gmail.com', '123', 'greerton', '1987-10-01', 'male', 8776, 0, 1),
(17, 'azel', 'Donna', 'azeldonna@mike.com', '123', 'papamoa', '1965-01-10', 'female', 553335, 0, 1),
(18, 'sarah', 'mara', 'sara@gmail.com', '123', 'Auckland', '1983-03-19', 'female', 928390, 0, 1),
(19, 'hema', 'malini', 'hema@hotmai.com', '123', 'hamilton', '1978-12-12', 'female', 2838728, 0, 1),
(20, 'Thomas', 'Hardy', 'Tomhardy@gmail.com', '123', 'Tauranga', '1972-03-07', 'male', 7543212, 0, 1),
(21, 'Jack', 'Juno', 'jacky@xtra.co.nz', '123', 'Tepuke', '1975-09-04', 'male', 7654321, 0, 1),
(22, 'Pamela', 'Mallik', 'pam@msn.com', '123', 'Tauranga', '1975-07-12', 'female', 765632, 0, 1),
(23, 'Susan', 'John', 'susanjohn@gmail.com', '123', 'Mount', '1965-08-11', 'female', 788909, 0, 1),
(24, 'Simon', 'White', 'simonwhite@google.com', '123', 'Tauranga', '1989-05-14', 'male', 765678, 0, 1),
(25, 'Maura', 'Miles', 'mauramiles@gmail.com', '123', 'Tauranga', '1970-01-17', 'female', 5747657, 0, 1),
(26, 'Rosemary', 'Marshall', 'rose@hotmail.com', '123', 'Bethlehem', '1971-04-24', 'female', 75648768, 0, 1),
(27, 'Sophie', 'Anderson', 'sophieandy@gmail.com', '123', 'Tauranga', '1972-11-12', 'female', 987654, 0, 1),
(28, 'Johny', 'Whitkar', 'johnyjhony@gmail.com', '123', 'papamoa', '1990-07-12', 'male', 67568798, 0, 1),
(29, 'Polly', 'De', 'pollyde@gmail.com', '123', 'Papamoa', '1980-06-26', 'female', 89786756, 0, 1),
(30, 'Amy', 'Armstrong', 'amyarmstrong@ctra.co.nz', '123', 'Tauranga', '1989-07-11', 'female', 234567, 0, 1),
(31, 'Awhina', 'Kawa', 'Awhinakawa@gmail.com', '123', 'Tauranga', '1993-09-11', 'female', 78986765, 0, 1),
(32, 'Stefan', 'Hills', 'stefanhills@gmail.com', '123', 'Tauranga', '1779-10-10', 'male', 67564534, 0, 1),
(33, 'Laura', 'Lee', 'lauralee@outlook.com', '123', 'Bethlehem', '1987-05-13', 'female', 87670987, 0, 1),
(34, 'Jamie', 'oliver', 'jamieoliv@gmail.com', '123', 'Tauranga', '1973-10-11', 'male', 7867543, 0, 1),
(35, 'Hudson', 'Bay', 'hidsonbay@hotmail.com', '123', 'Tauranga', '1976-07-11', 'male', 786543, 0, 1),
(36, 'Kim', 'Oker', 'kim@gmail.com', '123', 'Tauranga', '1990-10-10', 'female', 78675645, 0, 1);

-- --------------------------------------------------------

--
-- Table structure for table `discount`
--

CREATE TABLE IF NOT EXISTS `discount` (
  `disc_id` int(11) NOT NULL,
  `disc_name` varchar(20) NOT NULL,
  `disc_price` int(11) NOT NULL,
  `admin_id` int(11) DEFAULT NULL
) ENGINE=InnoDB AUTO_INCREMENT=5 DEFAULT CHARSET=latin1;

--
-- Dumping data for table `discount`
--

INSERT INTO `discount` (`disc_id`, `disc_name`, `disc_price`, `admin_id`) VALUES
(1, '5% Off', 5, 1),
(2, '10% Off', 10, 1),
(3, '15% Off', 15 , 1),
(4,'25% Off', 25, 1);

-- --------------------------------------------------------

--
-- Table structure for table `questionnaire`
--

CREATE TABLE IF NOT EXISTS `questionnaire` (
  `q_id` int(11) NOT NULL,
  `q_find` varchar(255) NOT NULL,
  `q_injuries` varchar(255) NOT NULL,
  `q_health` varchar(255) NOT NULL,
  `q_massage` varchar(255) NOT NULL,
  `q_type` varchar(255) NOT NULL,
  `q_oils` varchar(255) NOT NULL,
  `client_id` int(11) DEFAULT NULL,
  `admin_id` int(11) DEFAULT NULL
) ENGINE=InnoDB AUTO_INCREMENT=12 DEFAULT CHARSET=latin1;

--
-- Dumping data for table `questionnaire`
--

INSERT INTO `questionnaire` (`q_id`, `q_find`, `q_injuries`, `q_health`, `q_massage`, `q_type`, `q_oils`, `client_id`, `admin_id`) VALUES
(1, 'web', 'No', 'asthma', 'Yes', 'FirmerRelaxing', 'No', 7, 1),
(2, 'word of mouth', 'No', 'None', 'Yes', '', 'Yes', 9, 1),
(3, 'word of mouth', 'No', 'None', 'Yes', 'Relaxing', 'No', 8, 1),
(4, 'web', 'No', 'diabetes', 'No', 'Firmer', 'Yes', 14, 1),
(5, 'web', 'No', 'asthma', 'Yes', 'Firmer', 'Yes', 12, 1),
(6, 'web', 'No', 'anxiety', 'No', 'Relaxing', 'Yes', 10, 1),
(7, 'web', 'Yes', 'None', 'Yes', 'Relaxing', 'Yes', 11, 1),
(8, 'word of mouth', 'Yes', 'anxiety', 'No', 'Relaxing', 'No', 19, 1),
(9, 'web', 'No', 'None', 'Yes', 'Firmer', 'No', 18, 1),
(10, 'word of mouth', 'Yes', 'None', 'No', 'Firmer', 'Yes', 15, 1),
(11, 'web', 'No', 'None', 'Yes', 'Relaxing', 'Yes', 17, 1);

-- --------------------------------------------------------

--
-- Table structure for table `testimonial`
--

CREATE TABLE IF NOT EXISTS `testimonial` (
  `testimonial_id` int(11) NOT NULL,
  `client_id` int(11) NOT NULL,
  `testimonial_text` text NOT NULL,
  `Active` tinyint(1) NOT NULL DEFAULT '1'
) ENGINE=InnoDB AUTO_INCREMENT=6 DEFAULT CHARSET=latin1;

--
-- Dumping data for table `testimonial`
--

INSERT INTO `testimonial` (`testimonial_id`, `client_id`, `testimonial_text`, `Active`) VALUES
(1, 8, 'I had an amazing experience at Jo. It was very refreshing and awesome', 1),
(2, 9, 'Total value for money, even more than that!', 1),
(3, 10, 'very beautiful service', 1),
(4, 25, 'It was very relaxing, soothing. Staff were very friendly and amazing', 1),
(5, 23, 'Out of the world experience, a must do thing in Taurnaga.', 1);

-- --------------------------------------------------------

--
-- Table structure for table `treatment`
--

CREATE TABLE IF NOT EXISTS `treatment` (
  `treat_id` int(11) NOT NULL,
  `treat_type` varchar(50) NOT NULL,
  `treat_time` time NOT NULL,
  `treat_fee` double NOT NULL,
  `admin_id` int(11) DEFAULT NULL
) ENGINE=InnoDB AUTO_INCREMENT=7 DEFAULT CHARSET=latin1;

--
-- Dumping data for table `treatment`
--

INSERT INTO `treatment` (`treat_id`, `treat_type`, `treat_time`, `treat_fee`, `admin_id`) VALUES
(1, '30 minutes Massage', '00:30:00', 40, 1),
(2,'60 minutes Massage', '01:00:00', 70, 1),
(3, '90 minutes Massage', '01:30:00', 100, 1),
(4, 'Wellness Sessions', '01:00:00', 80, 1),
(5, 'Counselling', '01:00:00', 95, 1),
(6, 'Reflexology foot massage', '00:30:00', 40, 1);

--
-- Indexes for dumped tables
--

--
-- Indexes for table `admin`
--
ALTER TABLE `admin`
  ADD PRIMARY KEY (`admin_id`);

--
-- Indexes for table `appointment`
--
ALTER TABLE `appointment`
  ADD PRIMARY KEY (`appt_id`),
  ADD KEY `client_id` (`client_id`),
  ADD KEY `admin_id` (`admin_id`),
  ADD KEY `disc_id` (`disc_id`),
  ADD KEY `treat_id` (`treat_id`);

--
-- Indexes for table `client`
--
ALTER TABLE `client`
  ADD PRIMARY KEY (`client_id`),
  ADD KEY `fk_admin_client` (`admin_id`);

--
-- Indexes for table `discount`
--
ALTER TABLE `discount`
  ADD PRIMARY KEY (`disc_id`),
  ADD KEY `admin_id` (`admin_id`);

--
-- Indexes for table `questionnaire`
--
ALTER TABLE `questionnaire`
  ADD PRIMARY KEY (`q_id`),
  ADD KEY `client_id` (`client_id`),
  ADD KEY `admin_id` (`admin_id`);

--
-- Indexes for table `testimonial`
--
ALTER TABLE `testimonial`
  ADD PRIMARY KEY (`testimonial_id`),
  ADD KEY `FK_testimonial_client` (`client_id`);

--
-- Indexes for table `treatment`
--
ALTER TABLE `treatment`
  ADD PRIMARY KEY (`treat_id`),
  ADD KEY `admin_id` (`admin_id`);

--
-- AUTO_INCREMENT for dumped tables
--

--
-- AUTO_INCREMENT for table `admin`
--
ALTER TABLE `admin`
  MODIFY `admin_id` int(11) NOT NULL AUTO_INCREMENT,AUTO_INCREMENT=2;
--
-- AUTO_INCREMENT for table `appointment`
--
ALTER TABLE `appointment`
  MODIFY `appt_id` int(11) NOT NULL AUTO_INCREMENT,AUTO_INCREMENT=521;
--
-- AUTO_INCREMENT for table `client`
--
ALTER TABLE `client`
  MODIFY `client_id` int(11) NOT NULL AUTO_INCREMENT,AUTO_INCREMENT=37;
--
-- AUTO_INCREMENT for table `discount`
--
ALTER TABLE `discount`
  MODIFY `disc_id` int(11) NOT NULL AUTO_INCREMENT,AUTO_INCREMENT=5;
--
-- AUTO_INCREMENT for table `questionnaire`
--
ALTER TABLE `questionnaire`
  MODIFY `q_id` int(11) NOT NULL AUTO_INCREMENT,AUTO_INCREMENT=12;
--
-- AUTO_INCREMENT for table `testimonial`
--
ALTER TABLE `testimonial`
  MODIFY `testimonial_id` int(11) NOT NULL AUTO_INCREMENT,AUTO_INCREMENT=6;
--
-- AUTO_INCREMENT for table `treatment`
--
ALTER TABLE `treatment`
  MODIFY `treat_id` int(11) NOT NULL AUTO_INCREMENT,AUTO_INCREMENT=7;
--
-- Constraints for dumped tables
--

--
-- Constraints for table `appointment`
--
ALTER TABLE `appointment`
  ADD CONSTRAINT `appointment_ibfk_1` FOREIGN KEY (`client_id`) REFERENCES `client` (`client_id`),
  ADD CONSTRAINT `appointment_ibfk_2` FOREIGN KEY (`admin_id`) REFERENCES `admin` (`admin_id`),
  ADD CONSTRAINT `appointment_ibfk_3` FOREIGN KEY (`disc_id`) REFERENCES `discount` (`disc_id`),
  ADD CONSTRAINT `appointment_ibfk_4` FOREIGN KEY (`treat_id`) REFERENCES `treatment` (`treat_id`);

--
-- Constraints for table `client`
--
ALTER TABLE `client`
  ADD CONSTRAINT `fk_admin_client` FOREIGN KEY (`admin_id`) REFERENCES `admin` (`admin_id`);

--
-- Constraints for table `discount`
--
ALTER TABLE `discount`
  ADD CONSTRAINT `discount_ibfk_1` FOREIGN KEY (`admin_id`) REFERENCES `admin` (`admin_id`);

--
-- Constraints for table `questionnaire`
--
ALTER TABLE `questionnaire`
  ADD CONSTRAINT `questionnaire_ibfk_1` FOREIGN KEY (`client_id`) REFERENCES `client` (`client_id`),
  ADD CONSTRAINT `questionnaire_ibfk_2` FOREIGN KEY (`admin_id`) REFERENCES `admin` (`admin_id`);

--
-- Constraints for table `testimonial`
--
ALTER TABLE `testimonial`
  ADD CONSTRAINT `FK_testimonial_client` FOREIGN KEY (`client_id`) REFERENCES `client` (`client_id`);

--
-- Constraints for table `treatment`
--
ALTER TABLE `treatment`
  ADD CONSTRAINT `treatment_ibfk_1` FOREIGN KEY (`admin_id`) REFERENCES `admin` (`admin_id`);

/*!40101 SET CHARACTER_SET_CLIENT=@OLD_CHARACTER_SET_CLIENT */;
/*!40101 SET CHARACTER_SET_RESULTS=@OLD_CHARACTER_SET_RESULTS */;
/*!40101 SET COLLATION_CONNECTION=@OLD_COLLATION_CONNECTION */;
